<dataConfig>
    <dataSource 
                name="production" 
                            type="JdbcDataSource" 
                                        driver="com.mysql.jdbc.Driver" 
                                                    url="jdbc:mysql://localhost:3306/test" 
                                                                user="root" 
                                                                            password="root" />

    <document name="news">

        <entity dataSource="production" name="my_news" pk="id"  

            query="select * from my_news WHERE status = 1"  

            deltaImportQuery="select * from my_news WHERE id = ${dih.delta.id}"

            deltaQuery="select id from my_news where updatetime > UNIX_TIMESTAMP('${dih.last_index_time}') AND status = 1"

            deletedPkQuery="select id from my_news WHERE updatetime > UNIX_TIMESTAMP('${dih.last_index_time}') AND status = 0">

            <field column="id" name="id" />
                        <field column="title" name="title" />
                                    <field column="content" name="content" />
                                            </entity>

    </document>
    </dataConfig>
